{"datos":[{"name":"R2-D2","height":"96","mass":"32","hair_color":"n/a","skin_color":"white, blue","eye_color":"red","birth_year":"33BBY","gender":"n/a","homeworld":"https://swapi.dev/api/planets/8/","films":["https://swapi.dev/api/films/1/","https://swapi.dev/api/films/2/","https://swapi.dev/api/films/3/","https://swapi.dev/api/films/4/","https://swapi.dev/api/films/5/","https://swapi.dev/api/films/6/"],"species":["https://swapi.dev/api/species/2/"],"vehicles":[],"starships":[],"created":"2014-12-10T15:11:50.376000Z","edited":"2014-12-20T21:17:50.311000Z","url":"https://swapi.dev/api/people/3/"},{"name":"C-3PO","height":"167","mass":"75","hair_color":"n/a","skin_color":"gold","eye_color":"yellow","birth_year":"112BBY","gender":"n/a","homeworld":"https://swapi.dev/api/planets/1/","films":["https://swapi.dev/api/films/1/","https://swapi.dev/api/films/2/","https://swapi.dev/api/films/3/","https://swapi.dev/api/films/4/","https://swapi.dev/api/films/5/","https://swapi.dev/api/films/6/"],"species":["https://swapi.dev/api/species/2/"],"vehicles":[],"starships":[],"created":"2014-12-10T15:10:51.357000Z","edited":"2014-12-20T21:17:50.309000Z","url":"https://swapi.dev/api/people/2/"},{"name":"Owen Lars","height":"178","mass":"120","hair_color":"brown, grey","skin_color":"light","eye_color":"blue","birth_year":"52BBY","gender":"male","homeworld":"https://swapi.dev/api/planets/1/","films":["https://swapi.dev/api/films/1/","https://swapi.dev/api/films/5/","https://swapi.dev/api/films/6/"],"species":[],"vehicles":[],"starships":[],"created":"2014-12-10T15:52:14.024000Z","edited":"2014-12-20T21:17:50.317000Z","url":"https://swapi.dev/api/people/6/"}]}